<?xml version="1.0" encoding="UTF-8"?>
<window>
	<include>ViewAnimation</include>
    <defaultcontrol always="true">11</defaultcontrol>
    <coordinates>
        <system>1</system>
        <left>0</left>
        <top>0</top>
    </coordinates>
	<controls>
        <control type="group">
			<control type="image">
				<left>-32</left>
				<top>0</top>
				<width>885</width>
				<height>1080</height>
				<texture border="40">mediamenu_back.png</texture>
				<colordiffuse>DDFFFFFF</colordiffuse>
			</control>
			<control type="list" id="11">
				<left>0</left>
				<top>0</top>
				<width>821</width>
				<height>1080</height>
				<onleft>60</onleft>
                <onright>60</onright>
                <onup>11</onup>
                <ondown>11</ondown>
                <viewtype label="535">list</viewtype>
                <pagecontrol>60</pagecontrol>
				<scrolltime tween="quadratic" easing="out">200</scrolltime>
				<itemlayout height="90">
					<control type="image">
					<top>30</top>
					<width>821</width>
					<height>60</height>
					<texture border="1">separator2.png</texture>
				</control>
				<control type="label">
					<left>0</left>
					<width>500</width>
					<height>90</height>
					<font>font15</font>
					<textoffsetx>15</textoffsetx>
					<textcolor>grey2</textcolor>
					<selectedcolor>selected</selectedcolor>
					<label>$INFO[ListItem.Label]</label>
				</control>
				<control type="label">
					<left>821</left>
					<width>400</width>
					<height>90</height>
					<align>right</align>
					<font>font15</font>
					<textoffsetx>15</textoffsetx>
					<textcolor>grey2</textcolor>
					<selectedcolor>selected</selectedcolor>
					<label>$INFO[ListItem.StartTime]</label>
					<animation effect="slide" start="0" end="-60" time="100" tween="sine" easing="in" condition="[ListItem.HasTimer | ListItem.IsRecording]">Conditional</animation>
				</control>
				<control type="group">
					<visible>[ListItem.HasTimer | ListItem.IsRecording]</visible>
					<left>821</left>
					<control type="label">
						<top>30</top>
						<width>120</width>
						<height>30</height>
						<font>IconSmall</font>
						<textoffsetx>15</textoffsetx>
						<textcolor>grey2</textcolor>
						<align>right</align>
						<selectedcolor>selected</selectedcolor>
						<label></label>
						<visible>ListItem.HasTimer</visible>
					</control>
					<control type="label">
						<top>30</top>
						<width>120</width>
						<height>30</height>
						<font>IconSmall</font>
						<textoffsetx>15</textoffsetx>
						<textcolor>grey2</textcolor>
						<align>right</align>
						<selectedcolor>selected</selectedcolor>
						<label></label>
						<visible>ListItem.IsRecording</visible>
					</control>
				</control>
				</itemlayout>
				<focusedlayout height="90">
					<control type="image">
						<top>30</top>
						<width>821</width>
						<height>60</height>
						<texture border="1">separator2.png</texture>
					</control>
					<control type="image">
						<width>821</width>
						<height>90</height>
						<texture border="4">listselect_fo.png</texture>
						<visible>Control.HasFocus(11)</visible>
						<include>VisibleFadeEffect</include>
					</control>
					<control type="label">
						<left>0</left>
						<width>500</width>
						<height>90</height>
						<font>font15</font>
						<textoffsetx>15</textoffsetx>
						<selectedcolor>selected</selectedcolor>
						<label>$INFO[ListItem.Label]</label>
					</control>
					<control type="label">
						<left>821</left>
						<width>400</width>
						<height>90</height>
						<align>right</align>
						<font>font15</font>
						<textoffsetx>15</textoffsetx>
						<textcolor>grey2</textcolor>
						<selectedcolor>selected</selectedcolor>
						<label>$INFO[ListItem.StartTime]</label>
						<animation effect="slide" start="0" end="-60" time="100" tween="sine" easing="in" condition="[ListItem.HasTimer | ListItem.IsRecording]">Conditional</animation>
					</control>
					<control type="group">
						<visible>[ListItem.HasTimer | ListItem.IsRecording]</visible>
						<left>821</left>
						<control type="label">
							<top>30</top>
							<width>120</width>
							<height>30</height>
							<font>IconSmall</font>
							<textoffsetx>15</textoffsetx>
							<textcolor>grey2</textcolor>
							<align>right</align>
							<selectedcolor>selected</selectedcolor>
							<label></label>
							<visible>ListItem.HasTimer</visible>
						</control>
						<control type="label">
							<top>30</top>
							<width>120</width>
							<height>30</height>
							<font>IconSmall</font>
							<textoffsetx>15</textoffsetx>
							<textcolor>grey2</textcolor>
							<align>right</align>
							<selectedcolor>selected</selectedcolor>
							<label></label>
							<visible>ListItem.IsRecording</visible>
						</control>
					</control>
				</focusedlayout>
			</control>
            <control type="scrollbar" id="60">
				<left>820</left>
				<top>0</top>
				<width>14</width>
				<height>1080</height>
				<showonepage>false</showonepage>
				<texturesliderbackground>-</texturesliderbackground>
				<texturesliderbar colordiffuse="55ffffff" border="1">scrollbar/texturesliderbar2.png</texturesliderbar>
				<texturesliderbarfocus border="1">scrollbar/texturesliderbar2.png</texturesliderbarfocus>
				<onleft>11</onleft>
                <onright>11</onright>
                <ondown>61</ondown>
                <onup>61</onup>
                <showonepage>false</showonepage>
                <orientation>vertical</orientation>
            </control>
        </control>
    </controls>
</window>