﻿<?xml version="1.0" encoding="UTF-8" standalone="yes"?>
<addon id="plugin.video.direto" name="TV Direto" version="1.0.3" provider-name="TV Direto">
  <requires>
    <import addon="xbmc.python" version="2.1.0"/>
  </requires>
  <extension point="xbmc.python.pluginsource" library="default.py">
        <provides>video</provides>
  </extension>
  <extension point="xbmc.addon.metadata">
    <summary lang="en">TV Direto</summary>
    <description lang="en">Podes ver aqui tudo que eu te deixar! Mama mas não abuzes!</description>
    <platform>all</platform>

  </extension>
</addon>
