<?xml version="1.0" encoding="UTF-8" standalone="yes"?>
<addon id="plugin.video.wizard" name="Aeon Nox Wizard" version="1.0.5" provider-name="TV Direto">
  <requires>
    <import addon="xbmc.python" version="2.1.0"/>
  </requires>
  <extension point="xbmc.python.pluginsource" library="default.py">
        <provides>executable</provides>
  </extension>
  <extension point="xbmc.addon.metadata">
    <summary lang="en">Wizard By tv direto</summary>
    <description lang="en">KODI Wizard With Lighter Aeon Nox Skin</description>
    <platform>all</platform>
  </extension>
</addon>
