<?xml version="1.0" encoding="UTF-8"?>
<window>
	<defaultcontrol always="true">50</defaultcontrol>
	<allowoverlay>no</allowoverlay>
	<onload>SetProperty(Window.HasSettings,True,home)</onload>
	<onload>ClearProperty(MediaMenu,Home)</onload>
	<onunload>ClearProperty(Window.HasSettings,Home)</onunload>
	<views>50,51,52,54,55,57,500,501,503,609,507,508,592,700</views>
	<controls>
		<control type="label" id="4420">
			<label>$VAR[MusicInfoPanelVar]</label>
			<include>HiddenObject</include>
			<visible>Control.IsVisible(52) | Control.IsVisible(54)</visible>
			<include condition="!IsEmpty(Skin.String(InfoPanel.Delay))">InfoPanelDelayAnimation</include>
		</control>
		<include>CommonBackground</include>
		<control type="group">
			<visible>Control.IsVisible(52) | Control.IsVisible(54)</visible>
			<top>-30</top>
			<include>ShowCaseMusicInfoPanel</include>
		</control>
		<control type="group">
			<include>Window_OpenClose_Animation</include>
			<include condition="!Skin.HasSetting(Enable.SlimList)">MusicList</include>
			<include condition="Skin.HasSetting(Enable.SlimList)">SlimMusicList</include>
			<!-- view id = 50 -->
			<include>MusicInfoWall</include>
			<!-- view id = 51 -->
			<include>View_52_Landscape</include>
			<!-- view id = 52 -->
			<include>View_54_ShowCase</include>
			<!-- view id = 54 -->
			<include>MusicTriPanel</include>
			<!-- view id = 55 -->
			<include>AlbumShift</include>
			<!-- view id = 57 -->
			<include>MusicWall</include>
			<!-- view id = 500 -->
			<include>MusicLowList</include>
			<!-- view id = 501 -->
			<include>View_503_Wall</include>
			<!-- view id = 503 -->
			<include>View_507_BigList</include>
			<!-- view id = 507 -->
			<include>View_508_SongList</include>
			<!-- view id = 508 -->
			<include>View_592_BigInfo</include>
			<!-- view id = 592 -->
			<include>View_609_Fullscreen_Wall</include>
			<!-- view id = 609 -->
			<include>Music_RightList</include>
			<!-- view id = 700 -->
		</control>
		<control type="group">
			<visible>Control.IsVisible(54) | Control.IsVisible(52) | Control.IsVisible(500) | Control.IsVisible(503) | Control.IsVisible(57)</visible>
			<visible>!Window.IsActive(addoninformation)</visible>
			<animation effect="slide" tween="cubic" time="720" start="0,806" end="0,0">VisibleChange</animation>
			<animation effect="slide" tween="cubic" time="720" start="0,806" end="0,0">WindowOpen</animation>
			<animation effect="slide" tween="cubic" time="720" end="0,806" start="0,0">WindowClose</animation>
			<top>-30</top>
			<control type="group">
				<visible>Control.IsVisible(54) | Control.IsVisible(52)</visible>
				<control type="group">
					<left>410</left>
					<top>1010</top>
					<control type="label">
						<left>0</left>
						<top>0</top>
						<width>1100</width>
						<height>42</height>
						<aligny>top</aligny>
						<align>center</align>
						<font>font16_title_bold</font>
						<textcolor>white</textcolor>
						<scroll>true</scroll>
						<label>$INFO[ListItem.Label]</label>
						<textoffsety>-2</textoffsety>
						<textoffsetx>30</textoffsetx>
					</control>
					<control type="label">
						<left>0</left>
						<top>45</top>
						<width>1100</width>
						<height>30</height>
						<align>center</align>
						<font>font13_title</font>
						<textcolor>white</textcolor>
						<label>$VAR[FloorLabel2Var]</label>
						<textoffsetx>30</textoffsetx>
					</control>
				</control>
				<control type="group">
					<left>0</left>
					<top>1010</top>
					<width>1920</width>
					<align>center</align>
					<visible>[Container.Content(albums) | Container.Content(songs)]</visible>
					<control type="group">
						<left>120</left>
						<control type="label">
							<left>-10</left>
							<width>155</width>
							<height>90</height>
							<align>center</align>
							<label>$INFO[ListItem.Year]</label>
							<font>font35_title_bold</font>
							<textcolor>white</textcolor>
							<wrapmultiline>true</wrapmultiline>
						</control>
					</control>
					<control type="image">
						<left>1600</left>
						<colordiffuse>white</colordiffuse>
						<width>200</width>
						<fadetime>50</fadetime>
						<include>MediaFlagVars</include>
						<texture fallback="rating0.png">$INFO[ListItem.StarRating]</texture>
					</control>
				</control>
			</control>
			<control type="group">
				<visible>Control.IsVisible(500) | Control.IsVisible(57)</visible>
				<animation effect="slide" start="0" end="40" time="720" tween="cubic" easing="inout" condition="Control.IsVisible(57)">Conditional</animation>
				<animation effect="slide" tween="cubic" time="720" start="0,806" end="0,0">VisibleChange</animation>
				<control type="group">
					<left>90</left>
					<top>1010</top>
					<control type="label">
						<left>0</left>
						<top>0</top>
						<width>1150</width>
						<height>42</height>
						<aligny>top</aligny>
						<align>left</align>
						<font>font16_title_bold</font>
						<textcolor>white</textcolor>
						<scroll>true</scroll>
						<label>$INFO[ListItem.Label]</label>
						<textoffsety>-2</textoffsety>
						<textoffsetx>30</textoffsetx>
					</control>
					<control type="label">
						<left>0</left>
						<top>45</top>
						<width>1100</width>
						<height>30</height>
						<align>left</align>
						<font>font13_title</font>
						<textcolor>white</textcolor>
						<label>$VAR[FloorLabel2Var]</label>
						<textoffsetx>30</textoffsetx>
					</control>
				</control>
				<control type="grouplist">
					<left>0</left>
					<top>1000</top>
					<width>1840</width>
					<height>90</height>
					<align>right</align>
					<aligny>center</aligny>
					<itemgap>0</itemgap>
					<orientation>horizontal</orientation>
					<visible>Container.Content(albums) | Container.Content(songs)</visible>
					<control type="image">
						<width>198</width>
						<include>MediaFlagVars</include>
						<texture>$INFO[ListItem.FileExtension,flags/audio/,.png]</texture>
					</control>
					<control type="image">
						<width>198</width>
						<include>MediaFlagVars</include>
						<texture fallback="rating0.png">$INFO[ListItem.StarRating]</texture>
					</control>
					<control type="label">
						<width>198</width>
						<height>90</height>
						<align>center</align>
						<label fallback="• • • •">$INFO[ListItem.Year]</label>
						<font>font35_title_bold</font>
						<textcolor>white</textcolor>
						<wrapmultiline>true</wrapmultiline>
					</control>
				</control>
			</control>
		</control>
		<control type="image">
			<left>0</left>
			<top>970</top>
			<width>1920</width>
			<height>140</height>
			<texture border="1">gradient_floor.png</texture>
			<visible>Control.IsVisible(52) | Control.IsVisible(54) | Control.IsVisible(57) | Control.IsVisible(500)</visible>
		</control>
		<!--<include>UpDownShadow</include>-->
		<include>ScrollOffsetLabel</include>
		<include>Topbar</include>
		<control type="group">
			<left>-440</left>
			<include>SideBladeLeft</include>
			<control type="grouplist" id="9050">
				<include>MediaMenuTop</include>
				<control type="button" id="6051">
					<description>Show Info Toggle</description>
					<textwidth>255</textwidth>
					<include>ButtonCommonValues</include>
					<label>$LOCALIZE[31018]</label>
					<label2>[COLOR labelheader]$VAR[InfoPanelLabelVar][/COLOR]</label2>
					<onclick condition="Control.IsVisible(52)">$VAR[52MusicInfoPanelVar]</onclick>
					<onclick condition="Control.IsVisible(54)">$VAR[54MusicInfoPanelVar]</onclick>
					<visible>Control.IsVisible(52) | Control.IsVisible(54)</visible>
					<visible>Container.Content(albums) | Container.Content(artists)</visible>
				</control>
				<control type="radiobutton" id="99">
					<description>Library button</description>
					<label>$LOCALIZE[29800]</label>
					<onclick>ReplaceWindow(MusicFiles)</onclick>
					<selected>Window.IsVisible(MusicLibrary)</selected>
					<include>ButtonCommonValues</include>
				</control>
				<control type="radiobutton" id="9012">
					<description>Enable Wall Floor</description>
					<textwidth>375</textwidth>
					<include>ButtonCommonValues</include>
					<label>Enable Floor Info</label>
					<onclick>Skin.ToggleSetting(wallfloorlabelsalbums)</onclick>
					<selected>Skin.HasSetting(wallfloorlabelsalbums)</selected>
					<visible>Control.IsVisible(503)</visible>
				</control>
				<control type="radiobutton" id="9013">
					<description>Alternate BigList Layout</description>
					<textwidth>375</textwidth>
					<include>ButtonCommonValues</include>
					<label>Alternate layout</label>
					<onclick>Skin.ToggleSetting(alternatebiglistlayout)</onclick>
					<selected>Skin.HasSetting(alternatebiglistlayout)</selected>
					<visible>Control.IsVisible(507)</visible>
				</control>
				<control type="radiobutton" id="9014">
					<description>Enable Artist Logo</description>
					<textwidth>375</textwidth>
					<include>ButtonCommonValues</include>
					<label>Enable logo</label>
					<onclick condition="!Skin.String(pathlogosartists)">Notification($LOCALIZE[19098]:,Set path to music collection/artwork,10000,icon.png)</onclick>
					<onclick condition="!Skin.String(pathlogosartists)">Skin.SetPath(pathlogosartists)</onclick>
					<onclick>Skin.ToggleSetting(rightlistlogoartist)</onclick>
					<selected>Skin.HasSetting(rightlistlogoartist)</selected>
					<visible>Control.IsVisible(700)</visible>
				</control>
				<control type="button" id="201">
					<description>View options</description>
					<textwidth>352</textwidth>
					<font>font13_title</font>
					<include>ButtonCommonValues</include>
					<label>31026</label>
					<enable>no</enable>
					<disabledcolor>themecolor</disabledcolor>
				</control>
				<control type="button" id="8">
					<description>Search</description>
					<include>ButtonCommonValues</include>
					<label>137</label>
				</control>
				<control type="edit" id="19">
					<visible>Container.CanFilter + !Container.CanFilterAdvanced</visible>
					<description>Filter</description>
					<textwidth>345</textwidth>
					<include>ButtonCommonValues</include>
					<label>587</label>
				</control>
				<control type="radiobutton" id="98">
					<visible>Container.CanFilterAdvanced</visible>
					<description>Filter</description>
					<include>ButtonCommonValues</include>
					<label>587</label>
					<selected>Container.Filtered</selected>
					<onclick>right</onclick>
					<onclick>Filter</onclick>
				</control>
				<control type="radiobutton" id="16">
					<description>PartyMode</description>
					<label>589</label>
					<onclick condition="Skin.HasSetting(launchmusicfullscreen)">FullScreen</onclick>
					<include>ButtonCommonValues</include>
				</control>
				<control type="button" id="203">
					<description>Actions</description>
					<textwidth>352</textwidth>
					<font>font13_title</font>
					<include>ButtonCommonValues</include>
					<label>31039</label>
					<enable>no</enable>
					<disabledcolor>themecolor</disabledcolor>
				</control>
				<control type="togglebutton" id="20">
					<description>Update library</description>
					<include>ButtonCommonValues</include>
					<label>653</label>
					<altlabel>13353</altlabel>
					<usealttexture>library.isscanningmusic</usealttexture>
				</control>
				<control type="button" id="612">
					<description>Go to playlist</description>
					<include>ButtonCommonValues</include>
					<label>13350</label>
					<onclick>ActivateWindow(musicplaylist)</onclick>
					<visible>!StringCompare(Playlist.Length(music),0)</visible>
				</control>
			</control>
		</control>
	</controls>
</window>