<?xml version="1.0" encoding="utf-8"?>
<includes>
	<include name="ShiftPosterCase">       
		<control type="image">
			<left>23</left>
			<top>529</top>
			<width>247</width>
			<height>363</height>
			<aspectratio aligny="top" scalediffuse="false">stretch</aspectratio>
			<texture background="true" flipy="true" diffuse="thumbs/thumb_diffuse.png">$VAR[PosterThumbVar]</texture>
			<animation effect="fade" start="100" end="30" time="160">Focus</animation>
			<animation effect="fade" start="30" end="100" time="160">UnFocus</animation>
		</control>		     
		<control type="image">
			<left>-5</left>
			<top>105</top>
			<width>305</width>
			<height>425</height>
			<fadetime>200</fadetime>
			<texture>thumbs/boxes/$VAR[ShiftCase_Var]</texture>
			<aspectratio scalediffuse="false">stretch</aspectratio>
		</control>
		<control type="image">
			<left>-5</left>
			<top>500</top>
			<width>305</width>
			<height>425</height>
			<aspectratio aligny="top" scalediffuse="false">stretch</aspectratio>
			<texture flipy="true" diffuse="thumbs/thumb_diffuse.png">thumbs/boxes/$VAR[ShiftCase_Var]</texture>
			<animation effect="fade" start="100" end="30" time="160">Focus</animation>
			<animation effect="fade" start="30" end="100" time="160">UnFocus</animation>
		</control>
	</include>
	<include name="PosterShiftCase">
		<control type="group">
			<include>ViewAnimation</include>
			<visible>Control.IsVisible(601) + !Window.IsActive(addoninformation)</visible>
			<control type="fixedlist" id="601">
				<viewtype label="ShiftCase">list</viewtype>
				<onleft>601</onleft>
				<onright>601</onright>
				<left>-95</left>
				<top>380</top>
				<height>620</height>
				<width>2045</width>
				<onup>SetProperty(MediaMenu,True,home)</onup>
				<onup>SetFocus(9050)</onup>
				<ondown>76</ondown>
				<orientation>horizontal</orientation>
				<focusposition>1</focusposition>
				<scrolltime tween="quadratic">200</scrolltime>
				<pagecontrol>76</pagecontrol>
				<preloaditems>2</preloaditems>               
				<visible>Container.Content(movies) | Container.Content(sets) | Container.Content(musicvideos)</visible>
				<itemlayout width="272" height="620">
					<control type="image">
						<left>23</left>
						<top>143</top>
						<width>248</width>
						<height>363</height>
						<texture background="true">$VAR[PosterThumbVar]</texture>
						<aspectratio scalediffuse="false">stretch</aspectratio>
					</control>
					<include>ShiftPosterCase</include>
					<control type="image">
						<left>215</left>
						<top>119</top>
						<width>70</width>
						<height>70</height>
						<texture>$VAR[OverlayVar]</texture>
						<aspectratio align="center" aligny="top">keep</aspectratio>
						<bordersize>1</bordersize>
					</control>
				</itemlayout>
				<focusedlayout width="272" height="620">
					<control type="group">
						<animation effect="zoom" center="auto" start="100" end="130" time="160" tween="quadratic">Focus</animation>
						<animation effect="zoom" center="auto" start="130" end="100" time="160" tween="quadratic">Unfocus</animation>
						<control type="image">
							<left>20</left>
							<top>210</top>
							<width>255</width>
							<height>265</height>
							<aligny>bottom</aligny>
							<aspectratio>keep</aspectratio>
							<fadetime>300</fadetime>
							<texture background="true">$INFO[ListItem.Art(discart)]</texture>
							<animation effect="slide" delay="1600" end="0,-260" time="320" tween="quadratic">Focus</animation>
							<animation effect="slide" start="0,-260" end="0" time="160" tween="quadratic" easing="in">Unfocus</animation>
							<!--
							<animation type="Conditional" reversible="false" condition="true" loop="true">
								<effect type="rotate" start="0" end="-360" delay="3500" time="3500" tween="quadratic" easing="out" center="auto" loop="true" reversible="false" />
							</animation>
							-->
							<visible>Skin.HasSetting(discshiftcase)</visible>
						</control>
						<control type="image">
							<left>23</left>
							<top>143</top>
							<width>248</width>
							<height>363</height>
							<texture background="true">$VAR[PosterThumbVar]</texture>
							<aspectratio scalediffuse="false">stretch</aspectratio>
						</control>
						<include>ShiftPosterCase</include>
						<control type="image">
							<left>215</left>
							<top>119</top>
							<width>70</width>
							<height>70</height>
							<texture>$VAR[OverlayVar]</texture>
							<aspectratio align="center" aligny="top">keep</aspectratio>
							<bordersize>1</bordersize>
						</control>
					</control>
				</focusedlayout>
			</control>
			<control type="scrollbar" id="76">
				<left>0</left>
				<top>960</top>
				<width>1920</width>
				<height>12</height>
				<onup>601</onup>
				<ondown>noop</ondown>
				<texturesliderbackground border="1">-</texturesliderbackground>
				<texturesliderbar border="6,0,6,0">scrollbar/texturesliderbar_hor.png</texturesliderbar>
				<texturesliderbarfocus border="6,0,6,0">scrollbar/texturesliderbarfocus_hor.png</texturesliderbarfocus>
				<textureslidernib>-</textureslidernib>
				<textureslidernibfocus>-</textureslidernibfocus>
				<showonepage>false</showonepage>
				<orientation>horizontal</orientation>
				<animation effect="fade" start="100" end="0" time="500" delay="500" condition="!Control.HasFocus(76) + !Container.Scrolling">Conditional</animation>
			</control>
		</control>
	</include>
	<variable name="ShiftCase_Var">
		<value condition="ListItem.IsStereoscopic">3d.png</value>
		<value condition="substring(ListItem.Path,videodb://movies/sets/,left) | [ListItem.IsFolder + IsEmpty(ListItem.VideoResolution) + !substring(container.folderpath,plugin://)]">p.png</value>
		<value condition="substring(container.folderpath,plugin://)">trailers.png</value>
		<value>$INFO[ListItem.VideoResolution]p.png</value>
	</variable>
</includes>