<?xml version="1.0" encoding="UTF-8"?>
<includes>
	<!-- Video FanartList -->
	<include name="VideoFanartList">
		<control type="group">
			<visible>Control.IsVisible(602)</visible>
			<include>ViewAnimation</include>
			<control type="group">
				<left>1150</left>
				<top>136</top>
				<control type="image">
					<description>background image</description>
					<left>-32</left>
					<top>820</top>
					<width>752</width>
					<height>830</height>
					<texture border="40">panel_reflect.png</texture>
				</control>
				<control type="image">
					<description>background image</description>
					<left>-32</left>
					<top>20</top>
					<width>752</width>
					<height>830</height>
					<texture border="40">listpanel_back.png</texture>
				</control>
				<control type="image">
                    <left>0</left>
					<top>630</top>
					<width>689</width>
					<height>90</height>
					<texture border="1">separator5.png</texture>
					<visible>![SubString(ListItem.Path,videodb://movies/sets) + !Stringcompare(ListItem.Label,..)]</visible>
				</control>
                <control type="image">
                    <left>0</left>
					<top>729</top>
					<width>689</width>
					<height>90</height>
					<texture border="1">separator5.png</texture>
				</control>
                <control type="textbox" id="70">
                    <label>$VAR[VideoPlotVar]</label>
                    <left>13</left>
                    <top>455</top>
                    <width>660</width>
                    <height>250</height>
                    <font>font14_textbox</font>
                    <pagecontrol>61</pagecontrol>
                    <include>ShowCaseInfoPanelButtonsValues</include>
                    <autoscroll time="3000" delay="4000" repeat="5000">Skin.HasSetting(Enable.AutoScroll) + !Control.HasFocus(61)</autoscroll>
					<visible>![SubString(ListItem.Path,videodb://movies/sets) + !Stringcompare(ListItem.Label,..)]</visible>
                </control>
                <control type="textbox" id="70">
                    <label>$VAR[VideoPlotVar]</label>
                    <left>13</left>
                    <top>455</top>
                    <width>660</width>
                    <height>350</height>
                    <font>font14_textbox</font>
                    <pagecontrol>61</pagecontrol>
                    <include>ShowCaseInfoPanelButtonsValues</include>
                    <autoscroll time="3000" delay="4000" repeat="5000">Skin.HasSetting(Enable.AutoScroll) + !Control.HasFocus(61)</autoscroll>
					<visible>[SubString(ListItem.Path,videodb://movies/sets) + !Stringcompare(ListItem.Label,..)]</visible>
                </control>
                <control type="scrollbar" id="61">
					<left>688</left>
					<top>455</top>
					<width>14</width>
					<height>250</height>
					<onup>61</onup>
					<ondown>61</ondown>
					<onleft>60</onleft>
					<onright>SetProperty(MediaMenu,True,home)</onright>
					<onright>SetFocus(9050)</onright>
					<texturesliderbackground>-</texturesliderbackground>
					<texturesliderbar colordiffuse="55ffffff" border="1">scrollbar/texturesliderbar2.png</texturesliderbar>
					<texturesliderbarfocus border="1">scrollbar/texturesliderbar2.png</texturesliderbarfocus>
					<showonepage>false</showonepage>
					<orientation>vertical</orientation>
				</control>
			</control>
            <control type="group">
                <left>1180</left>
                <top>863</top>
                <width>1815</width>
                <height>90</height>
                <include>VisibleFadeEffect</include>
                <visible>![Container.Content(tvshows) | Container.Content(seasons)] + [Container.Content(movies) | Container.Content(episodes)]</visible>
                <control type="image">
                    <left>0</left>
                    <colordiffuse>grey2</colordiffuse>
                    <include>MediaFlagVars</include>                   
                    <texture>$VAR[PathFlagsResolution]</texture>
                    <visible>!IsEmpty(ListItem.VideoResolution)</visible>
                </control>
                <control type="image">
                    <left>165</left>
                    <colordiffuse>grey2</colordiffuse>
                    <include>MediaFlagVars</include>                    
                    <texture>$VAR[PathFlagsAudio]</texture>
                    <visible>!IsEmpty(ListItem.AudioCodec)</visible>
                </control>
                <control type="image">
                    <left>330</left>
                    <colordiffuse>grey2</colordiffuse>
                    <include>MediaFlagVars</include>                    
                    <texture>$VAR[PathFlagsAudioChannels]</texture>
                    <visible>!IsEmpty(ListItem.AudioChannels)</visible>
                </control>
				<control type="image">
                    <left>495</left>
                    <colordiffuse>grey2</colordiffuse>
                    <include>MediaFlagVars</include>                    
                    <texture>$VAR[PathFlagsSource]</texture>
                    <visible>!IsEmpty(ListItem.VideoCodec)</visible>
                </control>		
            </control>
            <control type="group">
                <left>1180</left>
                <top>863</top>
                <width>1815</width>
                <height>90</height>
                <orientation>horizontal</orientation>
                <include>VisibleFadeEffect</include>
                <visible>Container.Content(tvshows) | Container.Content(seasons)</visible>              
                <control type="group">
                    <top>-5</top>
                    <width>175</width>
                    <visible>!IsEmpty(ListItem.Property(TotalSeasons))</visible>
                    <control type="label">
                        <width>165</width>
                        <height>60</height>
                        <align>center</align>
                        <label>[B]$INFO[ListItem.Property(TotalSeasons)][/B]</label>
                        <font>font48</font>
                        <wrapmultiline>true</wrapmultiline>
                        <textcolor>grey2</textcolor>
                    </control>
                    <control type="label">
                        <top>52</top>
                        <width>165</width>
                        <height>30</height>
                        <align>center</align>
                        <label>[LOWERCASE]$VAR[OneOrMoreSeasonsVar][/LOWERCASE]</label>
                        <font>font12</font>
                        <textcolor>grey2</textcolor>
                    </control>
                </control>
                <control type="group">
                    <visible>!IsEmpty(ListItem.Property(TotalEpisodes))</visible>
                    <width>175</width>
                    <left>165</left>
                    <top>-5</top>
                    <control type="label">
						<width>165</width>
                        <height>60</height>
                        <align>center</align>
                        <label>[B]$INFO[ListItem.Property(TotalEpisodes)][/B]</label>
                        <font>font48</font>
                        <wrapmultiline>true</wrapmultiline>
                        <textcolor>grey2</textcolor>
                    </control>
                    <control type="label">
						<width>165</width>
                        <top>52</top>
                        <height>30</height>
                        <align>center</align>
                        <label>[LOWERCASE]$VAR[OneOrMoreEpisodesVar][/LOWERCASE]</label>
                        <font>font12</font>
                        <textcolor>grey2</textcolor>
                    </control>
                </control>  
				<control type="group">
				<visible>!Container.Content(movies) + !IsEmpty(ListItem.Property(UnWatchedEpisodes))</visible>
					<top>-5</top>
					<left>330</left>
					<width>175</width>
					<control type="label">
						<width>165</width>
						<top>2</top>
						<height>60</height>
						<align>center</align>
						<label>[B]$INFO[ListItem.Property(UnWatchedEpisodes)][/B]</label>
						<font>font48</font>
						<wrapmultiline>true</wrapmultiline>
						<textcolor>grey2</textcolor>
					</control>
					<control type="label">
						<width>165</width>
						<top>52</top>
						<height>30</height>
						<align>center</align>
						<label>[LOWERCASE]$LOCALIZE[16101][/LOWERCASE]</label>
						<font>font12</font>
						<textcolor>grey2</textcolor>
					</control>
				</control>
				<!--
                <control type="image" id="800093">
                    <left>330</left>
                    <width>165</width>
                    <colordiffuse>grey2</colordiffuse>
                    <include>MediaFlagVars</include>
                    <bordersize>2</bordersize>
                    <texture>$INFO[ListItem.Studio,flags/studios/,.png]</texture>
                    <visible>!IsEmpty(Control.GetLabel(800093))</visible>
                </control>
                <control type="label">
                    <left>330</left>
                    <width>165</width>
                    <height>90</height>
                    <align>center</align>
                    <label>$INFO[ListItem.Studio]</label>
                    <font>font10</font>
                    <textcolor>white</textcolor>
                    <wrapmultiline>true</wrapmultiline>
                    <visible>IsEmpty(Control.GetLabel(800093))</visible>
                </control>
				-->
                <control type="image">
                    <left>495</left>
                    <colordiffuse>grey2</colordiffuse>
                    <include>MediaFlagVars</include>
                    <texture fallback="flags/mpaa/NR.png">$VAR[RatingFlagVar]</texture>
					<visible>!IsEmpty(ListItem.Title)</visible>
                </control>
            </control>
			<control type="group">
				<left>1146</left>
				<top>190</top>
                <control type="image">
                    <visible>!Container.Content(episodes)</visible>
                    <width>693</width>
                    <height>390</height>
                    <aspectratio>scale</aspectratio>
                    <texture background="true">$INFO[ListItem.Art(fanart)]</texture>
                    <fadetime>400</fadetime>
                    <bordertexture border="2">thumbs/panel_border3.png</bordertexture>
                    <bordersize>2</bordersize>
                </control>
                <control type="image">
                    <visible>Container.Content(episodes)</visible>
                    <width>693</width>
                    <height>390</height>
                    <aspectratio>scale</aspectratio>
                    <texture background="true">$INFO[ListItem.Art(thumb)]</texture>
                    <fadetime>400</fadetime>
                    <bordertexture border="2">thumbs/panel_border3.png</bordertexture>
                    <bordersize>2</bordersize>
                </control>
			</control>
			<control type="group">
				<left>76</left>
				<top>60</top>
				<control type="image">
					<description>background image</description>
					<left>-32</left>
					<top>936</top>
					<width>1120</width>
					<height>904</height>
					<texture border="40">panel_reflect.png</texture>
				</control>
				<control type="image">
					<description>background image</description>
					<left>-32</left>
					<top>60</top>
					<width>1120</width>
					<height>904</height>
					<texture border="40">listpanel_back.png</texture>
				</control>
				<control type="list" id="602">
					<left>0</left>
					<top>92</top>
					<width>1056</width>
					<height>840</height>
					<onleft>SetProperty(MediaMenu,True,home)</onleft>
					<onleft>SetFocus(9050)</onleft>
					<onright condition="Container.HasNext(602)">60</onright>
                    <onright condition="!Container.HasNext(602)">61</onright>
					<onup>602</onup>
					<ondown>602</ondown>
					<viewtype label="FanartList">list</viewtype>
					<pagecontrol>60</pagecontrol>
					<preloaditems>2</preloaditems>
					<visible>Container.Content(movies) | Container.Content(tvshows) | Container.Content(seasons) | Container.Content(episodes)</visible>
					<scrolltime tween="quadratic" easing="out">200</scrolltime>
					<itemlayout height="70" width="1056" condition="Container.Content(movies)">
						<control type="image">
							<top>12</top>
							<width>1056</width>
							<height>60</height>
							<texture border="1">separator2.png</texture>
						</control>
						<control type="label">
							<left>15</left>
							<width>90</width>
							<height>68</height>
							<font>font15</font>
							<textcolor>labelheader</textcolor>
							<selectedcolor>selected</selectedcolor>
							<align>left</align>
							<aligny>center</aligny>
							<label fallback="• • • •">$INFO[ListItem.Year]</label>
							<visible>!IsEmpty(ListItem.Title)</visible>
							<visible>![SubString(ListItem.Path,videodb://movies/sets) + !Stringcompare(ListItem.Label,..)]</visible>
						</control>
						<control type="label">
							<left>15</left>
							<width>90</width>
							<height>68</height>
							<font>font15</font>
							<textcolor>labelheader</textcolor>
							<selectedcolor>selected</selectedcolor>
							<align>left</align>
							<aligny>center</aligny>
							<label>• • • •</label>
							<visible>!IsEmpty(ListItem.Title)</visible>
							<visible>[SubString(ListItem.Path,videodb://movies/sets) + !Stringcompare(ListItem.Label,..)]</visible>
						</control>
						<control type="label">
							<left>110</left>
							<top>0</top>
							<width>730</width>
							<height>68</height>
							<font>font15</font>
							<textcolor>grey2</textcolor>
							<selectedcolor>selected</selectedcolor>
							<label>$INFO[ListItem.Label]</label>
						</control>
						<control type="image">
							<left>880</left>
							<top>22</top>
							<width>42</width>
							<height>28</height>
							<aspectratio>keep</aspectratio>
							<texture>$VAR[UnFocusHDIndicator]</texture>
							<visible>Skin.HasSetting(noindicatorfanartlistmovies)</visible>
							<colordiffuse>grey2</colordiffuse>
						</control>
						<control type="label">
							<left>365</left>
							<top>0</top>
							<width>620</width>
							<height>68</height>
							<font>font15</font>
							<align>right</align>
							<textcolor>grey2</textcolor>
							<selectedcolor>selected</selectedcolor>
							<aligny>center</aligny>
							<label>$INFO[ListItem.Rating]</label>
							<visible>![SubString(ListItem.Path,videodb://movies/sets) + !Stringcompare(ListItem.Label,..)]</visible>
						</control>
						<control type="image">
							<left>992</left>
							<top>3</top>
							<width>64</width>
							<height>64</height>
							<aspectratio>keep</aspectratio>
							<texture>$VAR[ListItem.Overlay]</texture>
						</control>
					</itemlayout>
					<focusedlayout height="70" width="1056" condition="Container.Content(movies)">
						<control type="image">
							<top>12</top>
							<width>1056</width>
							<height>60</height>
							<texture border="1">separator2.png</texture>
						</control>
						<control type="image">
							<width>1056</width>
							<height>70</height>
							<texture border="4">listselect_fo.png</texture>
							<visible>Control.HasFocus(602)</visible>
							<include>VisibleFadeEffect</include>
						</control>
						<control type="label">
							<left>15</left>
							<width>90</width>
							<height>68</height>
							<font>font15</font>
							<selectedcolor>selected</selectedcolor>
							<align>left</align>
							<aligny>center</aligny>
							<label fallback="• • • •">$INFO[ListItem.Year]</label>
							<animation effect="fade" start="100" end="70" time="300" tween="sine" easing="inout" condition="!Control.HasFocus(602)">Conditional</animation>
							<visible>!IsEmpty(ListItem.Title)</visible>
							<visible>![SubString(ListItem.Path,videodb://movies/sets) + !Stringcompare(ListItem.Label,..)]</visible>
						</control>
						<control type="label">
							<left>15</left>
							<width>90</width>
							<height>68</height>
							<font>font15</font>
							<selectedcolor>selected</selectedcolor>
							<align>left</align>
							<aligny>center</aligny>
							<label>• • • •</label>
							<animation effect="fade" start="100" end="70" time="300" tween="sine" easing="inout" condition="!Control.HasFocus(602)">Conditional</animation>
							<visible>!IsEmpty(ListItem.Title)</visible>
							<visible>[SubString(ListItem.Path,videodb://movies/sets) + !Stringcompare(ListItem.Label,..)]</visible>
						</control>
						<control type="label">
							<left>110</left>
							<top>0</top>
							<width>730</width>
							<height>68</height>
							<font>font15</font>
							<selectedcolor>selected</selectedcolor>
							<label>$INFO[ListItem.Label]</label>
							<animation effect="fade" start="100" end="70" time="300" tween="sine" easing="inout" condition="!Control.HasFocus(602)">Conditional</animation>
						</control>
						<control type="image">
							<left>880</left>
							<top>22</top>
							<width>42</width>
							<height>28</height>
							<aspectratio>keep</aspectratio>
							<textcolor>grey2</textcolor>
							<texture>$VAR[UnFocusHDIndicator]</texture>
							<visible>Skin.HasSetting(noindicatorfanartlistmovies)</visible>
							<animation effect="fade" start="100" end="60" time="300" tween="sine" easing="inout" condition="!Control.HasFocus(602)">Conditional</animation>
						</control>
						<control type="label">
							<left>365</left>
							<top>0</top>
							<width>620</width>
							<height>68</height>
							<font>font15</font>
							<align>right</align>
							<selectedcolor>selected</selectedcolor>
							<aligny>center</aligny>
							<label>$INFO[ListItem.Rating]</label>
							<visible>![SubString(ListItem.Path,videodb://movies/sets) + !Stringcompare(ListItem.Label,..)]</visible>
							<animation effect="fade" start="100" end="70" time="300" tween="sine" easing="inout" condition="!Control.HasFocus(602)">Conditional</animation>
						</control>
						<control type="image">
							<left>992</left>
							<top>3</top>
							<width>64</width>
							<height>64</height>
							<aspectratio>keep</aspectratio>
							<texture>$VAR[ListItem.Overlay]</texture>
						</control>
					</focusedlayout>
					<itemlayout height="70" width="1056" condition="Container.Content(tvshows)">
						<control type="image">
							<top>12</top>
							<width>1056</width>
							<height>60</height>
							<texture border="1">separator2.png</texture>
						</control>
						<control type="label">
							<left>15</left>
							<width>90</width>
							<height>68</height>
							<font>font15</font>
							<textcolor>labelheader</textcolor>
							<selectedcolor>selected</selectedcolor>
							<align>left</align>
							<aligny>center</aligny>
							<label fallback="• • • •">$INFO[ListItem.Year]</label>
							<visible>!IsEmpty(ListItem.Title)</visible>
						</control>
						<control type="label">
							<left>110</left>
							<top>0</top>
							<width>665</width>
							<height>68</height>
							<font>font15</font>
							<textcolor>grey2</textcolor>
							<selectedcolor>selected</selectedcolor>
							<label>$INFO[ListItem.Label]</label>
						</control>
						<control type="label">
							<left>365</left>
							<top>0</top>
							<width>620</width>
							<height>68</height>
							<font>font15</font>
							<align>right</align>
							<textcolor>grey2</textcolor>
							<selectedcolor>selected</selectedcolor>
							<aligny>center</aligny>
							<label>$INFO[ListItem.Rating]</label>
						</control>
						<control type="image">
							<left>992</left>
							<top>3</top>
							<width>64</width>
							<height>64</height>
							<aspectratio>keep</aspectratio>
							<texture>$VAR[ListItem.Overlay]</texture>
						</control>
						<control type="group">
							<description>Unwatched episodes</description>
							<left>941</left>
							<top>0</top>
							<control type="image">
								<left>0</left>
								<top>3</top>
								<width>64</width>
								<height>64</height>
								<texture>overlays/list/OverlayUnWatched.png</texture>
								<visible>IntegerGreaterThan(ListItem.Property(UnWatchedEpisodes),0) + IsEmpty(ListItem.Overlay)</visible>
							</control>
							<control type="label">
								<left>32</left>
								<top>0</top>
								<width>100</width>
								<height>68</height>
								<font>font12_title</font>
								<align>center</align>
								<aligny>center</aligny>
								<label>$VAR[ListOverlayEpisodesVar]</label>
								<textcolor>grey3</textcolor>
								<textoffsetx>18</textoffsetx>
								<visible>IntegerGreaterThan(ListItem.Property(UnWatchedEpisodes),0)</visible>
							</control>
							<control type="label">
								<left>32</left>
								<top>0</top>
								<width>100</width>
								<height>68</height>
								<font>font12_title</font>
								<align>left</align>
								<aligny>center</aligny>
								<label>+</label>
								<textcolor>grey3</textcolor>
								<textoffsetx>18</textoffsetx>
								<visible>IntegerGreaterThan(ListItem.Property(UnWatchedEpisodes),99)</visible>
							</control>
						</control>
					</itemlayout>
					<focusedlayout height="70" width="1056" condition="Container.Content(tvshows)">
						<control type="image">
							<top>12</top>
							<width>1056</width>
							<height>60</height>
							<texture border="1">separator2.png</texture>
						</control>
						<control type="image">
							<width>1056</width>
							<height>70</height>
							<texture border="4">listselect_fo.png</texture>
							<visible>Control.HasFocus(602)</visible>
							<include>VisibleFadeEffect</include>
						</control>
						<control type="label">
							<left>15</left>
							<width>90</width>
							<height>68</height>
							<font>font15</font>
							<selectedcolor>selected</selectedcolor>
							<align>left</align>
							<aligny>center</aligny>
							<label fallback="• • • •">$INFO[ListItem.Year]</label>
							<animation effect="fade" start="100" end="70" time="300" tween="sine" easing="inout" condition="!Control.HasFocus(602)">Conditional</animation>
							<visible>!IsEmpty(ListItem.Title)</visible>
						</control>
						<control type="label">
							<left>110</left>
							<top>0</top>
							<width>565</width>
							<height>68</height>
							<font>font15</font>
							<selectedcolor>selected</selectedcolor>
							<label>$INFO[ListItem.Label]</label>
							<animation effect="fade" start="100" end="70" time="300" tween="sine" easing="inout" condition="!Control.HasFocus(602)">Conditional</animation>
						</control>
						<control type="label">
							<left>365</left>
							<top>0</top>
							<width>620</width>
							<height>68</height>
							<font>font15</font>
							<align>right</align>
							<selectedcolor>selected</selectedcolor>
							<aligny>center</aligny>
							<label>$INFO[ListItem.Rating]</label>
							<animation effect="fade" start="100" end="70" time="300" tween="sine" easing="inout" condition="!Control.HasFocus(602)">Conditional</animation>
						</control>
						<control type="image">
							<left>992</left>
							<top>3</top>
							<width>64</width>
							<height>64</height>
							<aspectratio>keep</aspectratio>
							<texture>$VAR[ListItem.Overlay]</texture>
						</control>
						<control type="group">
							<description>Unwatched episodes</description>
							<left>959</left>
							<top>0</top>
							<control type="image">
								<left>0</left>
								<top>3</top>
								<width>64</width>
								<height>64</height>
								<texture>overlays/list/OverlayUnWatched.png</texture>
								<visible>IntegerGreaterThan(ListItem.Property(UnWatchedEpisodes),0) + IsEmpty(ListItem.Overlay)</visible>
							</control>
							<control type="label">
								<left>32</left>
								<top>0</top>
								<width>64</width>
								<height>68</height>
								<font>font12_title</font>
								<align>center</align>
								<aligny>center</aligny>
								<label>$VAR[ListOverlayEpisodesVar]</label>
								<textcolor>white</textcolor>
								<textoffsetx>18</textoffsetx>
								<visible>IntegerGreaterThan(ListItem.Property(UnWatchedEpisodes),0)</visible>
							</control>
							<control type="label">
								<left>32</left>
								<top>0</top>
								<width>100</width>
								<height>68</height>
								<font>font12_title</font>
								<align>left</align>
								<aligny>center</aligny>
								<label>+</label>
								<textcolor>grey3</textcolor>
								<textoffsetx>18</textoffsetx>
								<visible>IntegerGreaterThan(ListItem.Property(UnWatchedEpisodes),99)</visible>
							</control>
						</control>
					</focusedlayout>
					<itemlayout height="70" width="1056" condition="Container.Content(episodes)">
						<control type="image">
							<top>10</top>
							<width>1056</width>
							<height>60</height>
							<texture border="1">separator2.png</texture>
						</control>
						<control type="label">
							<width>850</width>
							<height>68</height>
							<font>font15</font>
							<textcolor>grey2</textcolor>
							<selectedcolor>selected</selectedcolor>
							<label>$INFO[ListItem.Label]</label>
							<textoffsetx>15</textoffsetx>
						</control>
						<control type="image">
							<left>880</left>
							<top>22</top>
							<width>42</width>
							<height>28</height>
							<aspectratio>keep</aspectratio>
							<texture>$VAR[UnFocusHDIndicator]</texture>
							<visible>Skin.HasSetting(noindicatorfanartlistepisodes)</visible>
							<colordiffuse>grey2</colordiffuse>
						</control>
						<control type="label">
							<left>165</left>
							<top>0</top>
							<width>820</width>
							<height>68</height>
							<font>font15</font>
							<align>right</align>
							<textcolor>grey2</textcolor>
							<selectedcolor>selected</selectedcolor>
							<aligny>center</aligny>
							<label>$INFO[ListItem.Rating]</label>
						</control>
						<control type="image">
							<left>992</left>
							<top>3</top>
							<width>64</width>
							<height>64</height>
							<aspectratio>keep</aspectratio>
							<texture>$VAR[ListItem.Overlay]</texture>
						</control>
					</itemlayout>
					<focusedlayout height="70" width="1056" condition="Container.Content(episodes)">
						<control type="image">
							<top>10</top>
							<width>1056</width>
							<height>60</height>
							<texture border="1">separator2.png</texture>
						</control>
						<control type="image">
							<width>1056</width>
							<height>70</height>
							<texture border="4">listselect_fo.png</texture>
							<visible>Control.HasFocus(602)</visible>
							<include>VisibleFadeEffect</include>
						</control>
						<control type="label">
							<width>850</width>
							<height>68</height>
							<font>font15</font>
							<selectedcolor>selected</selectedcolor>
							<label>$INFO[ListItem.Label]</label>
							<textoffsetx>15</textoffsetx>
							<animation effect="fade" start="100" end="70" time="300" tween="sine" easing="inout" condition="!Control.HasFocus(602)">Conditional</animation>
						</control>
						<control type="image">
							<left>880</left>
							<top>22</top>
							<width>42</width>
							<height>28</height>
							<aspectratio>keep</aspectratio>
							<texture>$VAR[UnFocusHDIndicator]</texture>
							<visible>Skin.HasSetting(noindicatorfanartlistepisodes)</visible>
							<animation effect="fade" start="100" end="60" time="300" tween="sine" easing="inout" condition="!Control.HasFocus(602)">Conditional</animation>
						</control>
						<control type="label">
							<left>165</left>
							<top>0</top>
							<width>820</width>
							<height>68</height>
							<font>font15</font>
							<align>right</align>
							<selectedcolor>selected</selectedcolor>
							<aligny>center</aligny>
							<label>$INFO[ListItem.Rating]</label>
							<animation effect="fade" start="100" end="70" time="300" tween="sine" easing="inout" condition="!Control.HasFocus(602)">Conditional</animation>
						</control>
						<control type="image">
							<left>992</left>
							<top>3</top>
							<width>64</width>
							<height>64</height>
							<aspectratio>keep</aspectratio>
							<texture>$VAR[ListItem.Overlay]</texture>
						</control>
					</focusedlayout>
					<itemlayout height="70" width="1056" condition="Container.Content(seasons)">
						<control type="image">
							<top>12</top>
							<width>1056</width>
							<height>60</height>
							<texture border="1">separator2.png</texture>
						</control>
						<control type="label">
							<left>15</left>
							<top>0</top>
							<width>600</width>
							<height>68</height>
							<font>font15</font>
							<textcolor>grey2</textcolor>
							<selectedcolor>selected</selectedcolor>
							<label>$INFO[ListItem.Label]</label>
						</control>
						<control type="label">
							<left>350</left>
							<top>0</top>
							<width>620</width>
							<height>68</height>
							<font>font15</font>
							<align>right</align>
							<textcolor>grey2</textcolor>
							<selectedcolor>selected</selectedcolor>
							<aligny>center</aligny>
							<label>$INFO[ListItem.Property(TotalEpisodes),, $LOCALIZE[20453]]</label>
						</control>
						<control type="image">
							<left>992</left>
							<top>3</top>
							<width>64</width>
							<height>64</height>
							<aspectratio>keep</aspectratio>
							<texture>$VAR[ListItem.Overlay]</texture>
						</control>
						<control type="group">
							<description>Unwatched episodes</description>
							<left>992</left>
							<top>0</top>
							<control type="image">
								<left>0</left>
								<top>3</top>
								<width>64</width>
								<height>64</height>
								<texture>overlays/list/OverlayUnWatched.png</texture>
								<visible>IntegerGreaterThan(ListItem.Property(UnWatchedEpisodes),0) + IsEmpty(ListItem.Overlay)</visible>
							</control>
							<control type="label">
								<left>-19</left>
								<top>0</top>
								<width>100</width>
								<height>68</height>
								<font>font12_title</font>
								<align>center</align>
								<aligny>center</aligny>
								<label>$VAR[ListOverlayEpisodesVar]</label>
								<textcolor>white</textcolor>
								<textoffsetx>18</textoffsetx>
								<visible>IntegerGreaterThan(ListItem.Property(UnWatchedEpisodes),0)</visible>
							</control>
						</control>
					</itemlayout>
					<focusedlayout height="70" width="1056" condition="Container.Content(seasons)">
						<control type="image">
							<top>12</top>
							<width>1056</width>
							<height>60</height>
							<texture border="1">separator2.png</texture>
						</control>
						<control type="image">
							<width>1056</width>
							<height>70</height>
							<texture border="4">listselect_fo.png</texture>
							<visible>Control.HasFocus(602)</visible>
							<include>VisibleFadeEffect</include>
						</control>
						<control type="label">
							<left>15</left>
							<top>0</top>
							<width>600</width>
							<height>68</height>
							<font>font15</font>
							<selectedcolor>selected</selectedcolor>
							<label>$INFO[ListItem.Label]</label>
							<animation effect="fade" start="100" end="70" time="300" tween="sine" easing="inout" condition="!Control.HasFocus(602)">Conditional</animation>
						</control>
						<control type="label">
							<left>350</left>
							<top>0</top>
							<width>620</width>
							<height>68</height>
							<font>font15</font>
							<align>right</align>
							<selectedcolor>selected</selectedcolor>
							<aligny>center</aligny>
							<label>$INFO[ListItem.Property(TotalEpisodes),, $LOCALIZE[20453]]</label>
							<animation effect="fade" start="100" end="70" time="300" tween="sine" easing="inout" condition="!Control.HasFocus(602)">Conditional</animation>
						</control>
						<control type="image">
							<left>992</left>
							<top>3</top>
							<width>64</width>
							<height>64</height>
							<aspectratio>keep</aspectratio>
							<texture>$VAR[ListItem.Overlay]</texture>
						</control>
						<control type="group">
							<description>Unwatched episodes</description>
							<left>992</left>
							<top>0</top>
							<control type="image">
								<left>0</left>
								<top>3</top>
								<width>64</width>
								<height>64</height>
								<texture>overlays/list/OverlayUnWatched.png</texture>
								<visible>IntegerGreaterThan(ListItem.Property(UnWatchedEpisodes),0) + IsEmpty(ListItem.Overlay)</visible>
							</control>
							<control type="label">
								<left>-19</left>
								<top>0</top>
								<width>100</width>
								<height>68</height>
								<font>font12_title</font>
								<align>center</align>
								<aligny>center</aligny>
								<label>$VAR[ListOverlayEpisodesVar]</label>
								<textcolor>white</textcolor>
								<textoffsetx>18</textoffsetx>
								<visible>IntegerGreaterThan(ListItem.Property(UnWatchedEpisodes),0)</visible>
							</control>
						</control>
					</focusedlayout>
				</control>
				<control type="scrollbar" id="60">
					<left>1056</left>
					<top>92</top>
					<width>14</width>
					<height>840</height>
					<onup>60</onup>
					<ondown>60</ondown>
					<onleft>602</onleft>
					<onright>61</onright>
					<texturesliderbackground>-</texturesliderbackground>
					<texturesliderbar colordiffuse="55ffffff" border="1">scrollbar/texturesliderbar2.png</texturesliderbar>
					<texturesliderbarfocus border="1">scrollbar/texturesliderbar2.png</texturesliderbarfocus>
                    <showonepage>false</showonepage>
					<orientation>vertical</orientation>
				</control>
				<control type="image">
					<left>1072</left>
					<top>114</top>
					<width>40</width>
					<height>795</height>
					<texture flipx="true" border="1">side_shadow.png</texture>
				</control>
			</control>
		</control>
	</include>
</includes>