<?xml version="1.0" encoding="UTF-8" standalone="yes"?>
<addon id="plugin.video.tvwizard" name="TV Direto wizard" version="1.0.4" provider-name="TV Direto">
  <requires>
    <import addon="xbmc.python" version="2.1.0"/>
  </requires>
  <extension point="xbmc.python.pluginsource" library="default.py">
        <provides>executable</provides>
  </extension>
  <extension point="xbmc.addon.metadata">
    <summary lang="en">Wizard By tv direto</summary>
    <description lang="en">KODI Wizard With New Aeon Nox MQ6 Skin For Kodi 15.0+</description>
    <platform>all</platform>
  </extension>
</addon>
