<?xml version="1.0" encoding="UTF-8" standalone="yes"?>
<addon id="plugin.video.Ghost" name="IPTV-Ghost" version="2.1.2" provider-name="makeit">
    <requires>
		<import addon="xbmc.python" version="2.19.0"/>
	</requires>
	<extension point="xbmc.python.pluginsource" library="addon.py">
		<provides>video</provides>
	</extension>
	<extension point="xbmc.service" library="server.py" start="startup" />
	<extension point="xbmc.addon.metadata">
		<platform>all</platform>
		<summary lang="en">IPTV-Ghost</summary>
		<description lang="en">Enjoy, this is fully version updated automatically</description>
		<license>GNU General Public License, v2</license>
		<language></language>
	
	</extension>
</addon>