<?xml version="1.0" encoding="UTF-8" standalone="yes"?>
<addon id="plugin.video.ManiaCV5" name="ManiaC V5 Final" version="5.0.0" provider-name="ManiaC">
  <requires>
    <import addon="xbmc.python" version="2.1.0"/>
  </requires>
  <extension point="xbmc.python.pluginsource" library="default.py">
        <provides>executable</provides>
  </extension>
  <extension point="xbmc.addon.metadata">
    <summary lang="en">Wizard By TiagoCoelho</summary>
    <description lang="en">Easy Install With KODI / XBMC Wizard /##Credit To TiagoCoelho for his support and friendship##</description>
    <platform>all</platform>
  </extension>
</addon>
